{
"lengthUnit": "mil",
"remark": [],
"components": {
	"fields": ["COMPONENT_NO", "COMPONENT_NAME", "LAYER", "X_COORDINATE", "Y_COORDINATE", "ANGLE"],
	"rows": [
		[1, "R1", "B", 1307.0873, 881.8902, 180],
		[2, "R2", "B", 1299.2133, 535.4334, 180],
		[3, "PAD1", "B", 1433.0716, 535.4334, 0],
		[4, "PAD2", "B", 1440.9457, 889.7643, 0],
		[5, "PAD3", "B", 1267.7173, 881.8902, 0],
		[6, "PAD4", "B", 1346.4573, 881.8902, 0],
		[7, "PAD5", "B", 1259.8433, 535.4334, 0],
		[8, "PAD6", "B", 1338.5833, 535.4334, 0]
	]
},
"pins": {
	"fields": ["PIN_NO", "PIN_NAME", "PIN_X", "PIN_Y", "LAYER", "PIN_TYPE", "NET_NAME", "NET_TYPE", "PAD_SHAPE", "PAD_SIZEX", "PAD_SIZEY", "HOLE_SIZE", "HOLE_LEN", "PAD_ANGLE"],
	"rows": [
		[1, "R1_1", 1346.4573, 881.8902, "B", "SMD", "SIG", "", "R", 44.588, 54.213, 0, 0, 180],
		[2, "R1_2", 1267.7173, 881.8902, "B", "SMD", "ANT", "", "R", 44.588, 54.213, 0, 0, 180],
		[3, "R2_1", 1338.5833, 535.4334, "B", "SMD", "GND", "GND", "R", 44.588, 54.213, 0, 0, 180],
		[4, "R2_2", 1259.8433, 535.4334, "B", "SMD", "ANT", "", "R", 44.588, 54.213, 0, 0, 180],
		[5, "PAD1_1", 1433.0716, 535.4334, "B", "SMD", "GND", "GND", "C", 60, 60, 0, 0, 0],
		[6, "PAD2_1", 1440.9457, 889.7643, "B", "SMD", "SIG", "", "C", 60, 60, 0, 0, 0],
		[7, "PAD3_2", 1267.7173, 881.8902, "B", "SMD", "ANT", "", "R", 44.588, 54.213, 0, 0, 180],
		[8, "PAD4_1", 1346.4573, 881.8902, "B", "SMD", "SIG", "", "R", 44.588, 54.213, 0, 0, 180],
		[9, "PAD5_2", 1259.8433, 535.4334, "B", "SMD", "ANT", "", "R", 44.588, 54.213, 0, 0, 180],
		[10, "PAD6_1", 1338.5833, 535.4334, "B", "SMD", "GND", "GND", "R", 44.588, 54.213, 0, 0, 180]
	]
}
}